フィールド,睡眠タイプ,エナジー,寝顔ID,ポケモン,星,SPO,経験値アメ,リサーチEXP,ゆめのかけら,種ポケモン
ワカクサ,すやすや,7171,1,ピカチュウ,1,2,4,7,20,ピチュー
シアン,すやすや,0,1,ピカチュウ,1,2,4,7,20,ピチュー
ワカクサ,すやすや,31492,2,ピカチュウ,2,60,6,77,232,ピチュー
シアン,すやすや,18082,2,ピカチュウ,2,60,6,77,232,ピチュー
シアン,すやすや,101499,3,ピカチュウ,3,219,8,320,958,ピチュー
ワカクサ,すやすや,11693,4,イーブイ,1,11,3,20,36,イーブイ
シアン,すやすや,0,4,イーブイ,1,11,3,20,36,イーブイ
トープ,すやすや,0,4,イーブイ,1,11,3,20,36,イーブイ
ウノハナ,すやすや,0,4,イーブイ,1,11,3,20,36,イーブイ
ワカクサ,すやすや,41314,5,イーブイ,2,74,5,127,227,イーブイ
シアン,すやすや,26520,5,イーブイ,2,74,5,127,227,イーブイ
トープ,すやすや,25817,5,イーブイ,2,74,5,127,227,イーブイ
ウノハナ,すやすや,24118,5,イーブイ,2,74,5,127,227,イーブイ
シアン,すやすや,122474,6,イーブイ,3,261,7,508,915,イーブイ
トープ,すやすや,144921,6,イーブイ,3,261,7,508,915,イーブイ
ウノハナ,すやすや,178262,6,イーブイ,3,261,7,508,915,イーブイ
ワカクサ,すやすや,0,7,コラッタ,1,2,3,7,20,コラッタ
シアン,すやすや,0,7,コラッタ,1,2,3,7,20,コラッタ
トープ,すやすや,0,7,コラッタ,1,2,3,7,20,コラッタ
ウノハナ,すやすや,0,7,コラッタ,1,2,3,7,20,コラッタ
ワカクサ,すやすや,17149,8,コラッタ,2,41,5,53,158,コラッタ
シアン,すやすや,4822,8,コラッタ,2,41,5,53,158,コラッタ
トープ,すやすや,0,8,コラッタ,2,41,5,53,158,コラッタ
ウノハナ,すやすや,0,8,コラッタ,2,41,5,53,158,コラッタ
シアン,すやすや,63889,9,コラッタ,3,173,7,252,757,コラッタ
トープ,すやすや,69534,9,コラッタ,3,173,7,252,757,コラッタ
ウノハナ,すやすや,78645,9,コラッタ,3,173,7,252,757,コラッタ
ワカクサ,すやすや,3118,10,ニャース,1,2,3,8,17,ニャース
ワカクサ,すやすや,23385,11,ニャース,2,60,5,95,201,ニャース
ワカクサ,ぐっすり,0,13,ピチュー,1,2,3,7,20,ピチュー
ワカクサ,ぐっすり,17149,14,ピチュー,2,41,5,53,158,ピチュー
ワカクサ,うとうと,3118,16,フシギダネ,1,11,3,18,39,フシギダネ
ワカクサ,うとうと,23385,17,フシギダネ,2,74,5,116,246,フシギダネ
ワカクサ,うとうと,53006,19,フシギソウ,1,83,5,116,245,フシギダネ
ワカクサ,うとうと,109130,20,フシギソウ,2,203,7,318,673,フシギダネ
ワカクサ,うとうと,0,22,キャタピー,1,2,3,11,12,キャタピー
シアン,うとうと,0,22,キャタピー,1,2,3,11,12,キャタピー
ワカクサ,うとうと,17149,23,キャタピー,2,41,5,88,95,キャタピー
シアン,うとうと,4822,23,キャタピー,2,41,5,88,95,キャタピー
シアン,うとうと,63889,24,キャタピー,3,173,7,421,454,キャタピー
ワカクサ,うとうと,23385,25,トランセル,1,15,5,29,31,キャタピー
ワカクサ,うとうと,65634,26,トランセル,2,83,7,176,191,キャタピー
ワカクサ,うとうと,156121,28,バタフリー,1,261,8,397,715,キャタピー
ワカクサ,うとうと,286821,29,バタフリー,2,548,10,933,1679,キャタピー
ワカクサ,うとうと,532707,30,バタフリー,3,1265,12,2461,4430,キャタピー
ワカクサ,すやすや,11693,31,プリン,1,8,4,23,24,ププリン
シアン,すやすや,0,31,プリン,1,8,4,23,24,ププリン
トープ,すやすや,0,31,プリン,1,8,4,23,24,ププリン
ウノハナ,すやすや,0,31,プリン,1,8,4,23,24,ププリン
ワカクサ,すやすや,41314,32,プリン,2,66,6,141,153,ププリン
シアン,すやすや,26520,32,プリン,2,66,6,141,153,ププリン
トープ,すやすや,25817,32,プリン,2,66,6,141,153,ププリン
ウノハナ,すやすや,24118,32,プリン,2,66,6,141,153,ププリン
シアン,すやすや,122474,33,プリン,3,240,8,582,629,ププリン
トープ,すやすや,144921,33,プリン,3,240,8,582,629,ププリン
ウノハナ,すやすや,178262,33,プリン,3,240,8,582,629,ププリン
ワカクサ,ぐっすり,3118,34,ゼニガメ,1,11,3,18,39,ゼニガメ
シアン,ぐっすり,0,34,ゼニガメ,1,11,3,18,39,ゼニガメ
ワカクサ,ぐっすり,23385,35,ゼニガメ,2,74,5,116,246,ゼニガメ
シアン,ぐっすり,11090,35,ゼニガメ,2,74,5,116,246,ゼニガメ
シアン,ぐっすり,81971,36,ゼニガメ,3,261,7,468,988,ゼニガメ
ワカクサ,ぐっすり,53006,37,カメール,1,83,5,116,245,ゼニガメ
シアン,ぐっすり,36164,37,カメール,1,83,5,116,245,ゼニガメ
ワカクサ,ぐっすり,109130,38,カメール,2,203,7,318,673,ゼニガメ
シアン,ぐっすり,101499,38,カメール,2,203,7,318,673,ゼニガメ
シアン,ぐっすり,256544,39,カメール,3,583,9,1043,2205,ゼニガメ
ワカクサ,すやすや,3118,40,ヒトカゲ,1,11,3,16,42,ヒトカゲ
トープ,すやすや,0,40,ヒトカゲ,1,11,3,16,42,ヒトカゲ
ワカクサ,すやすや,23385,41,ヒトカゲ,2,74,5,104,268,ヒトカゲ
トープ,すやすや,6885,41,ヒトカゲ,2,74,5,104,268,ヒトカゲ
トープ,すやすや,91221,42,ヒトカゲ,3,261,7,417,1080,ヒトカゲ
ワカクサ,すやすや,53006,43,リザード,1,83,5,116,245,ヒトカゲ
トープ,すやすや,37865,43,リザード,1,83,5,116,245,ヒトカゲ
ワカクサ,すやすや,109130,44,リザード,2,203,7,318,673,ヒトカゲ
トープ,すやすや,117038,44,リザード,2,203,7,318,673,ヒトカゲ
トープ,すやすや,320478,45,リザード,3,583,9,1043,2205,ヒトカゲ
ワカクサ,すやすや,3118,46,ヤドン,1,2,3,11,12,ヤドン
シアン,すやすや,0,46,ヤドン,1,2,3,11,12,ヤドン
ウノハナ,すやすや,0,46,ヤドン,1,2,3,11,12,ヤドン
ワカクサ,すやすや,23385,47,ヤドン,2,55,5,116,125,ヤドン
シアン,すやすや,11090,47,ヤドン,2,55,5,116,125,ヤドン
ウノハナ,すやすや,0,47,ヤドン,2,55,5,116,125,ヤドン
シアン,すやすや,81971,48,ヤドン,3,203,7,494,534,ヤドン
ウノハナ,すやすや,105909,48,ヤドン,3,203,7,494,534,ヤドン
ワカクサ,ぐっすり,3118,49,ワニノコ,1,11,3,20,36,ワニノコ
シアン,ぐっすり,0,49,ワニノコ,1,11,3,20,36,ワニノコ
ワカクサ,ぐっすり,23385,50,ワニノコ,2,74,5,127,227,ワニノコ
シアン,ぐっすり,11090,50,ワニノコ,2,74,5,127,227,ワニノコ
シアン,ぐっすり,81971,51,ワニノコ,3,261,7,508,915,ワニノコ
シアン,ぐっすり,36164,52,アリゲイツ,1,83,5,126,227,ワニノコ
シアン,ぐっすり,101499,53,アリゲイツ,2,203,7,346,623,ワニノコ
シアン,ぐっすり,256544,54,アリゲイツ,3,583,9,1134,2042,ワニノコ
ワカクサ,すやすや,0,55,ディグダ,1,2,3,7,20,ディグダ
シアン,すやすや,0,55,ディグダ,1,2,3,7,20,ディグダ
トープ,すやすや,0,55,ディグダ,1,2,3,7,20,ディグダ
ワカクサ,すやすや,17149,56,ディグダ,2,41,5,53,158,ディグダ
シアン,すやすや,4822,56,ディグダ,2,41,5,53,158,ディグダ
トープ,すやすや,0,56,ディグダ,2,41,5,53,158,ディグダ
シアン,すやすや,63889,57,ディグダ,3,173,7,252,757,ディグダ
トープ,すやすや,69534,57,ディグダ,3,173,7,252,757,ディグダ
ワカクサ,すやすや,65634,58,ダグトリオ,1,83,5,95,284,ディグダ
トープ,すやすや,51635,58,ダグトリオ,1,83,5,95,284,ディグダ
ワカクサ,すやすや,125032,59,ダグトリオ,2,203,7,260,778,ディグダ
トープ,すやすや,144921,59,ダグトリオ,2,203,7,260,778,ディグダ
トープ,すやすや,366295,60,ダグトリオ,3,583,9,851,2552,ディグダ
ワカクサ,すやすや,220177,61,プクリン,1,133,8,253,273,ププリン
シアン,すやすや,195283,61,プクリン,1,133,8,253,273,ププリン
トープ,すやすや,240961,61,プクリン,1,133,8,253,273,ププリン
ワカクサ,すやすや,356158,62,プクリン,2,310,10,659,712,ププリン
シアン,すやすや,330670,62,プクリン,2,310,10,659,712,ププリン
トープ,すやすや,416694,62,プクリン,2,310,10,659,712,ププリン
シアン,すやすや,660210,63,プクリン,3,802,12,1952,2108,ププリン
トープ,すやすや,844439,63,プクリン,3,802,12,1952,2108,ププリン
ワカクサ,うとうと,321146,64,フシギバナ,1,377,8,574,1033,フシギダネ
ワカクサ,うとうと,465451,65,フシギバナ,2,757,10,1289,2321,フシギダネ
ワカクサ,ぐっすり,0,67,トゲピー,1,11,3,18,39,トゲピー
トープ,ぐっすり,0,67,トゲピー,1,11,3,18,39,トゲピー
ウノハナ,ぐっすり,0,67,トゲピー,1,11,3,18,39,トゲピー
ワカクサ,ぐっすり,17149,68,トゲピー,2,74,5,116,246,トゲピー
トープ,ぐっすり,0,68,トゲピー,2,74,5,116,246,トゲピー
ウノハナ,ぐっすり,0,68,トゲピー,2,74,5,116,246,トゲピー
トープ,ぐっすり,69534,69,トゲピー,3,261,7,468,988,トゲピー
ウノハナ,ぐっすり,78645,69,トゲピー,3,261,7,468,988,トゲピー
ワカクサ,ぐっすり,0,70,イシツブテ,1,2,3,7,19,イシツブテ
トープ,ぐっすり,0,70,イシツブテ,1,2,3,7,19,イシツブテ
ウノハナ,ぐっすり,0,70,イシツブテ,1,2,3,7,19,イシツブテ
ワカクサ,ぐっすり,17149,71,イシツブテ,2,41,5,58,149,イシツブテ
トープ,ぐっすり,0,71,イシツブテ,2,41,5,58,149,イシツブテ
ウノハナ,ぐっすり,0,71,イシツブテ,2,41,5,58,149,イシツブテ
トープ,ぐっすり,69534,72,イシツブテ,3,173,7,276,714,イシツブテ
ウノハナ,ぐっすり,78645,72,イシツブテ,3,173,7,276,714,イシツブテ
ワカクサ,ぐっすり,41314,73,ゴローン,1,48,5,67,141,イシツブテ
トープ,ぐっすり,25817,73,ゴローン,1,48,5,67,141,イシツブテ
ワカクサ,ぐっすり,93540,74,ゴローン,2,133,7,208,440,イシツブテ
トープ,ぐっすり,91221,74,ゴローン,2,133,7,208,440,イシツブテ
トープ,ぐっすり,278826,75,ゴローン,3,407,9,729,1540,イシツブテ
ワカクサ,うとうと,0,76,アーボ,1,2,3,7,19,アーボ
シアン,うとうと,0,76,アーボ,1,2,3,7,19,アーボ
トープ,うとうと,0,76,アーボ,1,2,3,7,19,アーボ
ワカクサ,うとうと,17149,77,アーボ,2,41,5,58,149,アーボ
シアン,うとうと,4822,77,アーボ,2,41,5,58,149,アーボ
トープ,うとうと,0,77,アーボ,2,41,5,58,149,アーボ
シアン,うとうと,63889,78,アーボ,3,173,7,276,714,アーボ
トープ,うとうと,69534,78,アーボ,3,173,7,276,714,アーボ
ワカクサ,うとうと,53006,79,アーボック,1,83,5,103,268,アーボ
シアン,うとうと,36164,79,アーボック,1,83,5,103,268,アーボ
トープ,うとうと,37865,79,アーボック,1,83,5,103,268,アーボ
ワカクサ,うとうと,109130,80,アーボック,2,203,7,284,735,アーボ
シアン,うとうと,101499,80,アーボック,2,203,7,284,735,アーボ
トープ,うとうと,117038,80,アーボック,2,203,7,284,735,アーボ
シアン,うとうと,256544,81,アーボック,3,583,9,930,2409,アーボ
トープ,うとうと,320478,81,アーボック,3,583,9,930,2409,アーボ
ワカクサ,ぐっすり,0,82,カラカラ,1,2,3,9,16,カラカラ
トープ,ぐっすり,0,82,カラカラ,1,2,3,9,16,カラカラ
ウノハナ,ぐっすり,0,82,カラカラ,1,2,3,9,16,カラカラ
ワカクサ,ぐっすり,17149,83,カラカラ,2,55,5,93,167,カラカラ
トープ,ぐっすり,0,83,カラカラ,2,55,5,93,167,カラカラ
ウノハナ,ぐっすり,0,83,カラカラ,2,55,5,93,167,カラカラ
トープ,ぐっすり,69534,84,カラカラ,3,203,7,396,712,カラカラ
ウノハナ,ぐっすり,78645,84,カラカラ,3,203,7,396,712,カラカラ
ワカクサ,すやすや,3118,85,ヒノアラシ,1,11,3,16,42,ヒノアラシ
トープ,すやすや,0,85,ヒノアラシ,1,11,3,16,42,ヒノアラシ
ワカクサ,すやすや,23385,86,ヒノアラシ,2,74,5,104,268,ヒノアラシ
トープ,すやすや,6885,86,ヒノアラシ,2,74,5,104,268,ヒノアラシ
トープ,すやすや,91221,87,ヒノアラシ,3,261,7,417,1080,ヒノアラシ
ワカクサ,ぐっすり,321146,91,カメックス,1,377,8,528,1116,ゼニガメ
シアン,ぐっすり,291842,91,カメックス,1,377,8,528,1116,ゼニガメ
ワカクサ,ぐっすり,465451,92,カメックス,2,757,10,1186,2506,ゼニガメ
シアン,ぐっすり,472043,92,カメックス,2,757,10,1186,2506,ゼニガメ
シアン,ぐっすり,910662,93,カメックス,3,1652,12,2957,6248,ゼニガメ
ワカクサ,すやすや,3118,94,ガーディ,1,2,3,9,16,ガーディ
シアン,すやすや,0,94,ガーディ,1,2,3,9,16,ガーディ
トープ,すやすや,0,94,ガーディ,1,2,3,9,16,ガーディ
ワカクサ,すやすや,23385,95,ガーディ,2,60,5,103,186,ガーディ
シアン,すやすや,11090,95,ガーディ,2,60,5,103,186,ガーディ
トープ,すやすや,6885,95,ガーディ,2,60,5,103,186,ガーディ
シアン,すやすや,81971,96,ガーディ,3,219,7,426,767,ガーディ
トープ,すやすや,91221,96,ガーディ,3,219,7,426,767,ガーディ
ワカクサ,すやすや,321146,97,リザードン,1,377,8,528,1116,ヒトカゲ
トープ,すやすや,366295,97,リザードン,1,377,8,528,1116,ヒトカゲ
ワカクサ,すやすや,465451,98,リザードン,2,757,10,1186,2506,ヒトカゲ
トープ,すやすや,600197,98,リザードン,2,757,10,1186,2506,ヒトカゲ
トープ,すやすや,1169527,99,リザードン,3,1652,12,2957,6248,ヒトカゲ
ワカクサ,すやすや,53006,100,ラッタ,1,48,5,60,155,コラッタ
シアン,すやすや,36164,100,ラッタ,1,48,5,60,155,コラッタ
トープ,すやすや,37865,100,ラッタ,1,48,5,60,155,コラッタ
ウノハナ,すやすや,39323,100,ラッタ,1,48,5,60,155,コラッタ
ワカクサ,すやすや,109130,101,ラッタ,2,133,7,186,481,コラッタ
シアン,すやすや,101499,101,ラッタ,2,133,7,186,481,コラッタ
トープ,すやすや,117038,101,ラッタ,2,133,7,186,481,コラッタ
ウノハナ,すやすや,138940,101,ラッタ,2,133,7,186,481,コラッタ
シアン,すやすや,256544,102,ラッタ,3,407,9,650,1683,コラッタ
トープ,すやすや,320478,102,ラッタ,3,407,9,650,1683,コラッタ
ウノハナ,すやすや,424683,102,ラッタ,3,407,9,650,1683,コラッタ
ワカクサ,うとうと,0,103,マンキー,1,2,3,7,19,マンキー
シアン,うとうと,0,103,マンキー,1,2,3,7,19,マンキー
ウノハナ,うとうと,0,103,マンキー,1,2,3,7,19,マンキー
ワカクサ,うとうと,17149,104,マンキー,2,55,5,76,197,マンキー
シアン,うとうと,4822,104,マンキー,2,55,5,76,197,マンキー
ウノハナ,うとうと,0,104,マンキー,2,55,5,76,197,マンキー
シアン,うとうと,63889,105,マンキー,3,203,7,324,840,マンキー
ウノハナ,うとうと,78645,105,マンキー,3,203,7,324,840,マンキー
ワカクサ,うとうと,0,106,マダツボミ,1,2,3,9,16,マダツボミ
シアン,うとうと,0,106,マダツボミ,1,2,3,9,16,マダツボミ
ウノハナ,うとうと,0,106,マダツボミ,1,2,3,9,16,マダツボミ
ワカクサ,うとうと,17149,107,マダツボミ,2,48,5,82,147,マダツボミ
シアン,うとうと,4822,107,マダツボミ,2,48,5,82,147,マダツボミ
ウノハナ,うとうと,0,107,マダツボミ,2,48,5,82,147,マダツボミ
シアン,うとうと,63889,108,マダツボミ,3,188,7,366,659,マダツボミ
ウノハナ,うとうと,78645,108,マダツボミ,3,188,7,366,659,マダツボミ
ワカクサ,うとうと,31492,109,ウツドン,1,48,5,73,131,マダツボミ
シアン,うとうと,18082,109,ウツドン,1,48,5,73,131,マダツボミ
ワカクサ,うとうと,79197,110,ウツドン,2,133,7,226,408,マダツボミ
シアン,うとうと,63889,110,ウツドン,2,133,7,226,408,マダツボミ
シアン,うとうと,195283,111,ウツドン,3,407,9,792,1426,マダツボミ
ワカクサ,ぐっすり,0,112,ププリン,1,2,3,11,12,ププリン
シアン,ぐっすり,0,112,ププリン,1,2,3,11,12,ププリン
トープ,ぐっすり,0,112,ププリン,1,2,3,11,12,ププリン
ワカクサ,ぐっすり,17149,113,ププリン,2,41,5,88,95,ププリン
シアン,ぐっすり,4822,113,ププリン,2,41,5,88,95,ププリン
トープ,ぐっすり,0,113,ププリン,2,41,5,88,95,ププリン
シアン,ぐっすり,63889,114,ププリン,3,173,7,421,454,ププリン
トープ,ぐっすり,69534,114,ププリン,3,173,7,421,454,ププリン
ワカクサ,すやすや,0,115,メリープ,1,2,3,11,13,メリープ
ウノハナ,すやすや,0,115,メリープ,1,2,3,11,13,メリープ
ワカクサ,すやすや,17149,116,メリープ,2,41,5,83,104,メリープ
ウノハナ,すやすや,0,116,メリープ,2,41,5,83,104,メリープ
ウノハナ,すやすや,78645,117,メリープ,3,173,7,397,496,メリープ
ワカクサ,ぐっすり,7171,118,ウソッキー,1,15,4,23,41,ウソハチ
シアン,ぐっすり,0,118,ウソッキー,1,15,4,23,41,ウソハチ
ワカクサ,ぐっすり,31492,119,ウソッキー,2,83,6,141,254,ウソハチ
シアン,ぐっすり,18082,119,ウソッキー,2,83,6,141,254,ウソハチ
シアン,ぐっすり,101499,120,ウソッキー,3,285,8,554,997,ウソハチ
ワカクサ,うとうと,3118,121,コダック,1,2,3,9,16,コダック
シアン,うとうと,0,121,コダック,1,2,3,9,16,コダック
ウノハナ,うとうと,0,121,コダック,1,2,3,9,16,コダック
ワカクサ,うとうと,23385,122,コダック,2,41,5,71,127,コダック
シアン,うとうと,11090,122,コダック,2,41,5,71,127,コダック
ウノハナ,うとうと,0,122,コダック,2,41,5,71,127,コダック
シアン,うとうと,81971,123,コダック,3,173,7,337,605,コダック
ウノハナ,うとうと,105909,123,コダック,3,173,7,337,605,コダック
ワカクサ,すやすや,79197,124,ヤドラン,1,83,5,136,209,ヤドン
シアン,すやすや,63889,124,ヤドラン,1,83,5,136,209,ヤドン
ウノハナ,すやすや,78645,124,ヤドラン,1,83,5,136,209,ヤドン
ワカクサ,すやすや,156121,125,ヤドラン,2,203,7,374,573,ヤドン
シアン,すやすや,144654,125,ヤドラン,2,203,7,374,573,ヤドン
ウノハナ,すやすや,220730,125,ヤドラン,2,203,7,374,573,ヤドン
シアン,すやすや,330670,126,ヤドラン,3,583,9,1225,1878,ヤドン
ウノハナ,すやすや,557907,126,ヤドラン,3,583,9,1225,1878,ヤドン
ワカクサ,ぐっすり,0,127,ドードー,1,2,3,7,20,ドードー
ワカクサ,ぐっすり,17149,128,ドードー,2,41,5,53,158,ドードー
ワカクサ,うとうと,0,130,ゴース,1,2,3,7,20,ゴース
トープ,うとうと,0,130,ゴース,1,2,3,7,20,ゴース
ウノハナ,うとうと,0,130,ゴース,1,2,3,7,20,ゴース
ワカクサ,うとうと,17149,131,ゴース,2,55,5,70,209,ゴース
トープ,うとうと,0,131,ゴース,2,55,5,70,209,ゴース
ウノハナ,うとうと,0,131,ゴース,2,55,5,70,209,ゴース
トープ,うとうと,69534,132,ゴース,3,203,7,297,890,ゴース
ウノハナ,うとうと,78645,132,ゴース,3,203,7,297,890,ゴース
ワカクサ,うとうと,53006,133,ゴースト,1,55,5,62,186,ゴース
トープ,うとうと,37865,133,ゴースト,1,55,5,62,186,ゴース
ウノハナ,うとうと,39323,133,ゴースト,1,55,5,62,186,ゴース
ワカクサ,うとうと,109130,134,ゴースト,2,144,7,184,552,ゴース
トープ,うとうと,117038,134,ゴースト,2,144,7,184,552,ゴース
ウノハナ,うとうと,138940,134,ゴースト,2,144,7,184,552,ゴース
トープ,うとうと,320478,135,ゴースト,3,438,9,639,1918,ゴース
ウノハナ,うとうと,424683,135,ゴースト,3,438,9,639,1918,ゴース
ワカクサ,ぐっすり,31492,136,ガラガラ,1,66,5,93,197,カラカラ
トープ,ぐっすり,15835,136,ガラガラ,1,66,5,93,197,カラカラ
ウノハナ,ぐっすり,10486,136,ガラガラ,1,66,5,93,197,カラカラ
ワカクサ,ぐっすり,79197,137,ガラガラ,2,173,7,271,572,カラカラ
トープ,ぐっすり,69534,137,ガラガラ,2,173,7,271,572,カラカラ
ウノハナ,ぐっすり,78645,137,ガラガラ,2,173,7,271,572,カラカラ
トープ,ぐっすり,240961,138,ガラガラ,3,515,9,922,1948,カラカラ
ウノハナ,ぐっすり,314580,138,ガラガラ,3,515,9,922,1948,カラカラ
ワカクサ,うとうと,3118,139,チコリータ,1,11,3,18,39,チコリータ
シアン,うとうと,0,139,チコリータ,1,11,3,18,39,チコリータ
ワカクサ,うとうと,23385,140,チコリータ,2,74,5,116,246,チコリータ
シアン,うとうと,11090,140,チコリータ,2,74,5,116,246,チコリータ
シアン,うとうと,81971,141,チコリータ,3,261,7,468,988,チコリータ
ワカクサ,すやすや,31492,145,モココ,1,48,5,79,121,メリープ
ウノハナ,すやすや,10486,145,モココ,1,48,5,79,121,メリープ
ワカクサ,すやすや,79197,146,モココ,2,133,7,244,375,メリープ
ウノハナ,すやすや,78645,146,モココ,2,133,7,244,375,メリープ
ウノハナ,すやすや,314580,147,モココ,3,407,9,856,1312,メリープ
ワカクサ,すやすや,11693,148,ソーナンス,1,15,4,29,31,ソーナノ
トープ,すやすや,0,148,ソーナンス,1,15,4,29,31,ソーナノ
ウノハナ,すやすや,0,148,ソーナンス,1,15,4,29,31,ソーナノ
ワカクサ,すやすや,41314,149,ソーナンス,2,83,6,176,191,ソーナノ
トープ,すやすや,25817,149,ソーナンス,2,83,6,176,191,ソーナノ
ウノハナ,すやすや,24118,149,ソーナンス,2,83,6,176,191,ソーナノ
トープ,すやすや,144921,150,ソーナンス,3,285,8,693,748,ソーナノ
ウノハナ,すやすや,178262,150,ソーナンス,3,285,8,693,748,ソーナノ
ワカクサ,うとうと,3118,151,ゴクリン,1,2,3,11,12,ゴクリン
シアン,うとうと,0,151,ゴクリン,1,2,3,11,12,ゴクリン
トープ,うとうと,0,151,ゴクリン,1,2,3,11,12,ゴクリン
ウノハナ,うとうと,0,151,ゴクリン,1,2,3,11,12,ゴクリン
ワカクサ,うとうと,23385,152,ゴクリン,2,48,5,102,110,ゴクリン
シアン,うとうと,11090,152,ゴクリン,2,48,5,102,110,ゴクリン
トープ,うとうと,6885,152,ゴクリン,2,48,5,102,110,ゴクリン
ウノハナ,うとうと,0,152,ゴクリン,2,48,5,102,110,ゴクリン
シアン,うとうと,81971,153,ゴクリン,3,188,7,458,494,ゴクリン
トープ,うとうと,91221,153,ゴクリン,3,188,7,458,494,ゴクリン
ウノハナ,うとうと,105909,153,ゴクリン,3,188,7,458,494,ゴクリン
ワカクサ,うとうと,31492,154,マルノーム,1,83,5,158,170,ゴクリン
トープ,うとうと,15835,154,マルノーム,1,83,5,158,170,ゴクリン
ウノハナ,うとうと,10486,154,マルノーム,1,83,5,158,170,ゴクリン
ワカクサ,うとうと,79197,155,マルノーム,2,203,7,433,467,ゴクリン
トープ,うとうと,69534,155,マルノーム,2,203,7,433,467,ゴクリン
ウノハナ,うとうと,78645,155,マルノーム,2,203,7,433,467,ゴクリン
トープ,うとうと,240961,156,マルノーム,3,583,9,1418,1531,ゴクリン
ウノハナ,うとうと,314580,156,マルノーム,3,583,9,1418,1531,ゴクリン
ワカクサ,ぐっすり,0,157,チルット,1,2,3,8,17,チルット
ウノハナ,ぐっすり,0,157,チルット,1,2,3,8,17,チルット
ワカクサ,ぐっすり,17149,158,チルット,2,48,5,75,158,チルット
ウノハナ,ぐっすり,0,158,チルット,2,48,5,75,158,チルット
ウノハナ,ぐっすり,78645,159,チルット,3,188,7,337,712,チルット
ワカクサ,ぐっすり,0,160,ソーナノ,1,2,3,11,12,ソーナノ
トープ,ぐっすり,0,160,ソーナノ,1,2,3,11,12,ソーナノ
ウノハナ,ぐっすり,0,160,ソーナノ,1,2,3,11,12,ソーナノ
ワカクサ,ぐっすり,17149,161,ソーナノ,2,41,5,88,95,ソーナノ
トープ,ぐっすり,0,161,ソーナノ,2,41,5,88,95,ソーナノ
ウノハナ,ぐっすり,0,161,ソーナノ,2,41,5,88,95,ソーナノ
トープ,ぐっすり,69534,162,ソーナノ,3,173,7,421,454,ソーナノ
ウノハナ,ぐっすり,78645,162,ソーナノ,3,173,7,421,454,ソーナノ
ワカクサ,ぐっすり,0,163,ウソハチ,1,2,3,9,16,ウソハチ
シアン,ぐっすり,0,163,ウソハチ,1,2,3,9,16,ウソハチ
ワカクサ,ぐっすり,17149,164,ウソハチ,2,41,5,71,127,ウソハチ
シアン,ぐっすり,4822,164,ウソハチ,2,41,5,71,127,ウソハチ
シアン,ぐっすり,63889,165,ウソハチ,3,173,7,337,605,ウソハチ
ワカクサ,うとうと,0,166,グレッグル,1,2,3,9,16,グレッグル
シアン,うとうと,0,166,グレッグル,1,2,3,9,16,グレッグル
トープ,うとうと,0,166,グレッグル,1,2,3,9,16,グレッグル
ウノハナ,うとうと,0,166,グレッグル,1,2,3,9,16,グレッグル
ワカクサ,うとうと,17149,167,グレッグル,2,55,5,93,167,グレッグル
シアン,うとうと,4822,167,グレッグル,2,55,5,93,167,グレッグル
トープ,うとうと,0,167,グレッグル,2,55,5,93,167,グレッグル
ウノハナ,うとうと,0,167,グレッグル,2,55,5,93,167,グレッグル
シアン,うとうと,63889,168,グレッグル,3,203,7,396,712,グレッグル
トープ,うとうと,69534,168,グレッグル,3,203,7,396,712,グレッグル
ウノハナ,うとうと,78645,168,グレッグル,3,203,7,396,712,グレッグル
ワカクサ,うとうと,31492,169,ドクロッグ,1,83,5,126,227,グレッグル
シアン,うとうと,18082,169,ドクロッグ,1,83,5,126,227,グレッグル
トープ,うとうと,15835,169,ドクロッグ,1,83,5,126,227,グレッグル
ウノハナ,うとうと,10486,169,ドクロッグ,1,83,5,126,227,グレッグル
ワカクサ,うとうと,79197,170,ドクロッグ,2,203,7,346,623,グレッグル
シアン,うとうと,63889,170,ドクロッグ,2,203,7,346,623,グレッグル
トープ,うとうと,69534,170,ドクロッグ,2,203,7,346,623,グレッグル
ウノハナ,うとうと,78645,170,ドクロッグ,2,203,7,346,623,グレッグル
シアン,うとうと,195283,171,ドクロッグ,3,583,9,1134,2042,グレッグル
トープ,うとうと,240961,171,ドクロッグ,3,583,9,1134,2042,グレッグル
ウノハナ,うとうと,314580,171,ドクロッグ,3,583,9,1134,2042,グレッグル
ワカクサ,すやすや,286821,172,ライチュウ,1,261,8,326,844,ピチュー
ワカクサ,すやすや,428296,173,ライチュウ,2,548,10,765,1981,ピチュー
ワカクサ,すやすや,79197,175,ペルシアン,1,83,5,116,245,ニャース
ワカクサ,すやすや,156121,176,ペルシアン,2,203,7,318,673,ニャース
シアン,ぐっすり,48700,178,ゴルダック,1,83,5,126,227,コダック
シアン,ぐっすり,122474,179,ゴルダック,2,203,7,346,623,コダック
シアン,ぐっすり,291842,180,ゴルダック,3,583,9,1134,2042,コダック
ワカクサ,うとうと,53006,181,オコリザル,1,83,5,116,245,マンキー
シアン,うとうと,36164,181,オコリザル,1,83,5,116,245,マンキー
ウノハナ,うとうと,39323,181,オコリザル,1,83,5,116,245,マンキー
ワカクサ,うとうと,109130,182,オコリザル,2,203,7,318,673,マンキー
シアン,うとうと,101499,182,オコリザル,2,203,7,318,673,マンキー
ウノハナ,うとうと,138940,182,オコリザル,2,203,7,318,673,マンキー
シアン,うとうと,256544,183,オコリザル,3,583,9,1043,2205,マンキー
ウノハナ,うとうと,424683,183,オコリザル,3,583,9,1043,2205,マンキー
ワカクサ,うとうと,220177,187,ウツボット,1,261,8,397,715,マダツボミ
ワカクサ,うとうと,356158,188,ウツボット,2,548,10,933,1679,マダツボミ
トープ,ぐっすり,320478,190,ゴローニャ,1,377,8,574,1033,イシツブテ
トープ,ぐっすり,533116,191,ゴローニャ,2,757,10,1289,2321,イシツブテ
トープ,ぐっすり,1050688,192,ゴローニャ,3,1652,12,3214,5786,イシツブテ
ワカクサ,ぐっすり,0,193,コイル,1,2,3,7,20,コイル
ワカクサ,ぐっすり,17149,194,コイル,2,48,5,61,183,コイル
ワカクサ,ぐっすり,79197,195,コイル,3,188,7,275,824,コイル
ワカクサ,ぐっすり,31492,196,レアコイル,1,83,5,95,284,コイル
ワカクサ,ぐっすり,79197,197,レアコイル,2,203,7,260,778,コイル
ワカクサ,ぐっすり,220177,198,レアコイル,3,583,9,851,2552,コイル
ワカクサ,ぐっすり,65634,199,ドードリオ,1,48,5,60,155,ドードー
ワカクサ,ぐっすり,125032,200,ドードリオ,2,133,7,186,481,ドードー
トープ,うとうと,320478,202,ゲンガー,1,377,8,431,1291,ゴース
トープ,うとうと,533116,203,ゲンガー,2,757,10,967,2901,ゴース
トープ,うとうと,1050688,204,ゲンガー,3,1652,12,2411,7232,ゴース
ワカクサ,すやすや,93540,205,ガルーラ,1,219,6,416,449,ガルーラ
シアン,すやすや,81971,205,ガルーラ,1,219,6,416,449,ガルーラ
ワカクサ,すやすや,187832,206,ガルーラ,2,475,8,1011,1092,ガルーラ
シアン,すやすや,168763,206,ガルーラ,2,475,8,1011,1092,ガルーラ
シアン,すやすや,373381,207,ガルーラ,3,1150,10,2797,3020,ガルーラ
ワカクサ,うとうと,93540,208,カイロス,1,188,6,235,608,カイロス
シアン,うとうと,81971,208,カイロス,1,188,6,235,608,カイロス
ワカクサ,うとうと,187832,209,カイロス,2,407,8,568,1472,カイロス
シアン,うとうと,168763,209,カイロス,2,407,8,568,1472,カイロス
シアン,うとうと,373381,210,カイロス,3,1008,10,1608,4166,カイロス
ワカクサ,すやすや,65634,211,メタモン,1,144,6,219,394,メタモン
シアン,すやすや,48700,211,メタモン,1,144,6,219,394,メタモン
トープ,すやすや,51635,211,メタモン,1,144,6,219,394,メタモン
ウノハナ,すやすや,57673,211,メタモン,1,144,6,219,394,メタモン
ワカクサ,すやすや,125032,212,メタモン,2,334,8,568,1023,メタモン
シアン,すやすや,122474,212,メタモン,2,334,8,568,1023,メタモン
トープ,すやすや,144921,212,メタモン,2,334,8,568,1023,メタモン
ウノハナ,すやすや,178262,212,メタモン,2,334,8,568,1023,メタモン
ワカクサ,すやすや,321146,213,メタモン,3,837,10,1628,2931,メタモン
シアン,すやすや,291842,213,メタモン,3,837,10,1628,2931,メタモン
シアン,ぐっすり,291842,214,シャワーズ,1,355,7,675,729,イーブイ
シアン,ぐっすり,472043,215,シャワーズ,2,714,9,1519,1641,イーブイ
シアン,ぐっすり,910662,216,シャワーズ,3,1554,11,3779,4082,イーブイ
ワカクサ,すやすや,321146,217,サンダース,1,355,7,443,1147,イーブイ
ワカクサ,すやすや,465451,218,サンダース,2,714,9,996,2581,イーブイ
ワカクサ,すやすや,1199506,219,サンダース,3,1554,11,2479,6422,イーブイ
トープ,すやすや,366295,220,ブースター,1,355,7,443,1147,イーブイ
シアン,ぐっすり,291842,238,オーダイル,1,377,8,574,1033,ワニノコ
シアン,ぐっすり,472043,239,オーダイル,2,757,10,1289,2321,ワニノコ
シアン,ぐっすり,910662,240,オーダイル,3,1652,12,3214,5786,ワニノコ
ワカクサ,すやすや,53006,241,トゲチック,1,55,4,76,161,トゲピー
ウノハナ,すやすや,39323,241,トゲチック,1,55,4,76,161,トゲピー
ワカクサ,すやすや,109130,242,トゲチック,2,144,6,226,477,トゲピー
ウノハナ,すやすや,138940,242,トゲチック,2,144,6,226,477,トゲピー
ウノハナ,すやすや,424683,243,トゲチック,3,438,8,784,1657,トゲピー
ウノハナ,すやすや,314580,244,デンリュウ,1,261,8,397,715,メリープ
ウノハナ,すやすや,557907,245,デンリュウ,2,548,10,933,1679,メリープ
ウノハナ,すやすや,1150172,246,デンリュウ,3,1265,12,2461,4430,メリープ
トープ,すやすや,366295,247,エーフィ,1,355,7,443,1147,イーブイ
トープ,すやすや,600197,248,エーフィ,2,714,9,996,2581,イーブイ
トープ,すやすや,1169527,249,エーフィ,3,1554,11,2479,6422,イーブイ
トープ,うとうと,366295,250,ブラッキー,1,355,7,583,894,イーブイ
トープ,うとうと,600197,251,ブラッキー,2,714,9,1312,2012,イーブイ
トープ,うとうと,1169527,252,ブラッキー,3,1554,11,3265,5007,イーブイ
シアン,すやすや,291842,253,ヤドキング,1,438,7,719,1103,ヤドン
シアン,すやすや,472043,254,ヤドキング,2,837,9,1539,2360,ヤドン
シアン,すやすや,910662,255,ヤドキング,3,1807,11,3797,5823,ヤドン
ワカクサ,うとうと,93540,256,ヘラクロス,1,188,6,286,515,ヘラクロス
シアン,うとうと,81971,256,ヘラクロス,1,188,6,286,515,ヘラクロス
ワカクサ,うとうと,187832,257,ヘラクロス,2,407,8,693,1248,ヘラクロス
シアン,うとうと,168763,257,ヘラクロス,2,407,8,693,1248,ヘラクロス
シアン,うとうと,373381,258,ヘラクロス,3,1008,10,1961,3530,ヘラクロス
ワカクサ,ぐっすり,11693,259,ヨーギラス,1,20,3,30,54,ヨーギラス
トープ,ぐっすり,0,259,ヨーギラス,1,20,3,30,54,ヨーギラス
ワカクサ,ぐっすり,41314,260,ヨーギラス,2,92,5,157,282,ヨーギラス
トープ,ぐっすり,25817,260,ヨーギラス,2,92,5,157,282,ヨーギラス
トープ,ぐっすり,144921,261,ヨーギラス,3,310,7,603,1085,ヨーギラス
トープ,ぐっすり,51635,262,サナギラス,1,103,5,156,281,ヨーギラス
トープ,ぐっすり,144921,263,サナギラス,2,240,7,408,734,ヨーギラス
トープ,ぐっすり,366295,264,サナギラス,3,672,9,1308,2355,ヨーギラス
トープ,うとうと,673986,265,バンギラス,1,942,8,1432,2578,ヨーギラス
トープ,うとうと,1050688,266,バンギラス,2,1652,10,2812,5062,ヨーギラス
トープ,うとうと,1967605,267,バンギラス,3,3423,12,6660,11987,ヨーギラス
ワカクサ,うとうと,321146,268,リーフィア,1,355,7,443,1147,イーブイ
ワカクサ,うとうと,93540,271,アブソル,1,188,6,263,556,アブソル
ウノハナ,うとうと,105909,271,アブソル,1,188,6,263,556,アブソル
ワカクサ,うとうと,187832,272,アブソル,2,407,8,638,1347,アブソル
ウノハナ,うとうと,266344,272,アブソル,2,407,8,638,1347,アブソル
ウノハナ,うとうと,634669,273,アブソル,3,1008,10,1804,3813,アブソル
ワカクサ,すやすや,253169,274,ニンフィア,1,355,7,583,894,イーブイ
ワカクサ,すやすや,391870,275,ニンフィア,2,714,9,1312,2012,イーブイ
ワカクサ,すやすや,885619,276,ニンフィア,3,1554,11,3265,5007,イーブイ
ワカクサ,すやすや,356158,277,トゲキッス,1,475,8,722,1300,トゲピー
ワカクサ,すやすや,532707,278,トゲキッス,2,881,10,1500,2699,トゲピー
ワカクサ,すやすや,1486800,279,トゲキッス,3,1924,12,3744,6739,トゲピー
ワカクサ,すやすや,3118,280,ナマケロ,1,2,3,11,12,ナマケロ
ウノハナ,すやすや,0,280,ナマケロ,1,2,3,11,12,ナマケロ
ワカクサ,すやすや,23385,281,ナマケロ,2,55,5,116,125,ナマケロ
ウノハナ,すやすや,0,281,ナマケロ,2,55,5,116,125,ナマケロ
ウノハナ,すやすや,105909,282,ナマケロ,3,203,7,494,534,ナマケロ
ワカクサ,うとうと,41314,283,ヤルキモノ,1,74,5,122,187,ナマケロ
ウノハナ,うとうと,24118,283,ヤルキモノ,1,74,5,122,187,ナマケロ
ワカクサ,うとうと,93540,284,ヤルキモノ,2,188,7,346,531,ナマケロ
ウノハナ,うとうと,105909,284,ヤルキモノ,2,188,7,346,531,ナマケロ
ウノハナ,うとうと,367010,285,ヤルキモノ,3,548,9,1152,1765,ナマケロ
ワカクサ,すやすや,391870,286,ケッキング,1,583,8,1108,1196,ナマケロ
ウノハナ,すやすや,634669,286,ケッキング,1,583,8,1108,1196,ナマケロ
ワカクサ,すやすや,601308,287,ケッキング,2,1077,10,2292,2475,ナマケロ
ウノハナ,すやすや,1026546,287,ケッキング,2,1077,10,2292,2475,ナマケロ
ウノハナ,すやすや,1980400,288,ケッキング,3,2253,12,5478,5916,ナマケロ
ワカクサ,ぐっすり,391870,289,ジバコイル,1,438,8,546,1415,コイル
ワカクサ,ぐっすり,601308,290,ジバコイル,2,837,10,1168,3026,コイル
ワカクサ,ぐっすり,1795052,291,ジバコイル,3,1807,12,2883,7469,コイル
ウノハナ,ぐっすり,488123,292,グレイシア,1,355,7,443,1147,イーブイ
ウノハナ,ぐっすり,811989,293,グレイシア,2,714,9,996,2581,イーブイ
ウノハナ,ぐっすり,1600296,294,グレイシア,3,1554,11,2479,6422,イーブイ
ウノハナ,うとうと,105909,295,チルタリス,1,112,5,170,306,チルット
ウノハナ,うとうと,266344,296,チルタリス,2,261,7,445,801,チルット
ウノハナ,うとうと,634669,297,チルタリス,3,714,9,1389,2500,チルット
ワカクサ,ぐっすり,7171,298,リオル,1,2,3,8,17,リオル
トープ,ぐっすり,0,298,リオル,1,2,3,8,17,リオル
ウノハナ,ぐっすり,0,298,リオル,1,2,3,8,17,リオル
ワカクサ,ぐっすり,31492,299,リオル,2,60,5,95,201,リオル
トープ,ぐっすり,15835,299,リオル,2,60,5,95,201,リオル
ウノハナ,ぐっすり,10486,299,リオル,2,60,5,95,201,リオル
トープ,ぐっすり,117038,300,リオル,3,219,7,392,828,リオル
ウノハナ,ぐっすり,138940,300,リオル,3,219,7,392,828,リオル
ウノハナ,ぐっすり,314580,301,ルカリオ,1,355,7,443,1147,リオル
ウノハナ,ぐっすり,557907,302,ルカリオ,2,714,9,996,2581,リオル
ウノハナ,ぐっすり,1150172,303,ルカリオ,3,1554,11,2479,6422,リオル
ワカクサ,ぐっすり,0,304,タマザラシ,1,2,3,11,12,タマザラシ
シアン,ぐっすり,0,304,タマザラシ,1,2,3,11,12,タマザラシ
ウノハナ,ぐっすり,0,304,タマザラシ,1,2,3,11,12,タマザラシ
ワカクサ,ぐっすり,17149,305,タマザラシ,2,55,5,116,125,タマザラシ
シアン,ぐっすり,4822,305,タマザラシ,2,55,5,116,125,タマザラシ
ウノハナ,ぐっすり,0,305,タマザラシ,2,55,5,116,125,タマザラシ
ワカクサ,ぐっすり,79197,306,タマザラシ,3,203,7,494,534,タマザラシ
シアン,ぐっすり,63889,306,タマザラシ,3,203,7,494,534,タマザラシ
ウノハナ,ぐっすり,78645,306,タマザラシ,3,203,7,494,534,タマザラシ
ウノハナ,ぐっすり,10486,307,トドグラー,1,83,5,158,170,タマザラシ
ウノハナ,ぐっすり,78645,308,トドグラー,2,203,7,433,467,タマザラシ
ウノハナ,ぐっすり,314580,309,トドグラー,3,583,9,1418,1531,タマザラシ
ウノハナ,ぐっすり,314580,310,トドゼルガ,1,261,8,468,586,タマザラシ
ウノハナ,ぐっすり,557907,311,トドゼルガ,2,548,10,1101,1377,タマザラシ
ウノハナ,ぐっすり,1150172,312,トドゼルガ,3,1265,12,2904,3633,タマザラシ
ワカクサ,うとうと,3118,313,デルビル,1,2,3,8,17,デルビル
トープ,うとうと,0,313,デルビル,1,2,3,8,17,デルビル
ワカクサ,うとうと,23385,314,デルビル,2,60,5,95,201,デルビル
トープ,うとうと,6885,314,デルビル,2,60,5,95,201,デルビル
トープ,うとうと,91221,315,デルビル,3,219,7,392,828,デルビル
トープ,うとうと,69534,319,ヤミラミ,1,144,6,180,465,ヤミラミ
トープ,うとうと,174869,320,ヤミラミ,2,334,8,466,1207,ヤミラミ
トープ,うとうと,416694,321,ヤミラミ,3,837,10,1335,3459,ヤミラミ
ワカクサ,すやすや,156121,322,メタモン,4,1077,11,2325,4185,メタモン
シアン,すやすや,144654,323,メタモン,4,1077,11,2325,4185,メタモン
トープ,すやすや,174869,324,メタモン,4,1077,11,2325,4185,メタモン
ウノハナ,すやすや,220730,325,メタモン,4,1077,11,2325,4185,メタモン
ワカクサ,うとうと,31492,328,フシギダネ,4,355,8,705,1491,フシギダネ
ワカクサ,うとうと,125032,329,フシギソウ,4,757,10,1504,3178,フシギダネ
ワカクサ,うとうと,532707,330,フシギバナ,4,2029,13,4379,7882,フシギダネ
ワカクサ,すやすや,31492,331,ヒトカゲ,4,355,8,629,1629,ヒトカゲ
トープ,すやすや,51635,331,ヒトカゲ,4,355,8,629,1629,ヒトカゲ
ワカクサ,すやすや,125032,332,リザード,4,757,10,1504,3178,ヒトカゲ
トープ,すやすや,144921,332,リザード,4,757,10,1504,3178,ヒトカゲ
ワカクサ,すやすや,532707,333,リザードン,4,2029,13,4029,8513,ヒトカゲ
トープ,すやすや,673986,333,リザードン,4,2029,13,4029,8513,ヒトカゲ
ワカクサ,ぐっすり,31492,334,ゼニガメ,4,355,8,705,1491,ゼニガメ
シアン,ぐっすり,36164,334,ゼニガメ,4,355,8,705,1491,ゼニガメ
ワカクサ,ぐっすり,125032,335,カメール,4,757,10,1504,3178,ゼニガメ
シアン,ぐっすり,122474,335,カメール,4,757,10,1504,3178,ゼニガメ
ワカクサ,ぐっすり,532707,336,カメックス,4,2029,13,4029,8513,ゼニガメ
シアン,ぐっすり,528891,336,カメックス,4,2029,13,4029,8513,ゼニガメ
ワカクサ,うとうと,23385,337,キャタピー,4,240,8,646,698,キャタピー
シアン,うとうと,36164,337,キャタピー,4,240,8,646,698,キャタピー
ワカクサ,うとうと,79197,338,トランセル,4,377,10,1019,1100,キャタピー
ワカクサ,うとうと,321146,339,バタフリー,4,1554,13,3354,6038,キャタピー
ワカクサ,すやすや,23385,340,コラッタ,4,240,8,388,1163,コラッタ
シアン,すやすや,36164,340,コラッタ,4,240,8,388,1163,コラッタ
トープ,すやすや,51635,340,コラッタ,4,240,8,388,1163,コラッタ
ウノハナ,すやすや,78645,340,コラッタ,4,240,8,388,1163,コラッタ
ワカクサ,すやすや,125032,341,ラッタ,4,548,10,970,2512,コラッタ
シアン,すやすや,122474,341,ラッタ,4,548,10,970,2512,コラッタ
トープ,すやすや,144921,341,ラッタ,4,548,10,970,2512,コラッタ
ウノハナ,すやすや,178262,341,ラッタ,4,548,10,970,2512,コラッタ
ワカクサ,うとうと,23385,342,アーボ,4,240,8,424,1098,アーボ
シアン,うとうと,36164,342,アーボ,4,240,8,424,1098,アーボ
トープ,うとうと,51635,342,アーボ,4,240,8,424,1098,アーボ
ワカクサ,うとうと,125032,343,アーボック,4,757,10,1340,3472,アーボ
シアン,うとうと,122474,343,アーボック,4,757,10,1340,3472,アーボ
トープ,うとうと,174869,343,アーボック,4,757,10,1340,3472,アーボ
ワカクサ,すやすや,41314,344,ピカチュウ,4,310,9,502,1505,ピチュー
シアン,すやすや,36164,344,ピカチュウ,4,310,9,502,1505,ピチュー
ワカクサ,すやすや,465451,345,ライチュウ,4,1554,13,2750,7125,ピチュー
ワカクサ,すやすや,53006,346,プリン,4,334,9,900,972,ププリン
シアン,すやすや,36164,346,プリン,4,334,9,900,972,ププリン
トープ,すやすや,51635,346,プリン,4,334,9,900,972,ププリン
ウノハナ,すやすや,78645,346,プリン,4,334,9,900,972,ププリン
ワカクサ,すやすや,391870,347,プクリン,4,1008,13,2719,2937,ププリン
シアン,すやすや,373381,347,プクリン,4,1008,13,2719,2937,ププリン
トープ,すやすや,472133,347,プクリン,4,1008,13,2719,2937,ププリン
ワカクサ,すやすや,31492,348,ニャース,4,310,8,615,1300,ニャース
ワカクサ,すやすや,187832,349,ペルシアン,4,757,10,1504,3178,ニャース
ワカクサ,うとうと,31492,350,コダック,4,240,8,517,930,コダック
シアン,うとうと,36164,350,コダック,4,240,8,517,930,コダック
ウノハナ,うとうと,78645,350,コダック,4,240,8,517,930,コダック
シアン,ぐっすり,144654,351,ゴルダック,4,757,10,1634,2942,コダック
ワカクサ,うとうと,23385,352,マンキー,4,285,8,504,1305,マンキー
シアン,うとうと,36164,352,マンキー,4,285,8,504,1305,マンキー
ウノハナ,うとうと,78645,352,マンキー,4,285,8,504,1305,マンキー
ワカクサ,うとうと,125032,353,オコリザル,4,757,10,1504,3178,マンキー
シアン,うとうと,122474,353,オコリザル,4,757,10,1504,3178,マンキー
ウノハナ,うとうと,266344,353,オコリザル,4,757,10,1504,3178,マンキー
ワカクサ,すやすや,31492,354,ガーディ,4,310,8,669,1204,ガーディ
シアン,すやすや,36164,354,ガーディ,4,310,8,669,1204,ガーディ
トープ,すやすや,51635,354,ガーディ,4,310,8,669,1204,ガーディ
ワカクサ,うとうと,23385,356,マダツボミ,4,261,8,564,1015,マダツボミ
シアン,うとうと,36164,356,マダツボミ,4,261,8,564,1015,マダツボミ
ウノハナ,うとうと,78645,356,マダツボミ,4,261,8,564,1015,マダツボミ
ワカクサ,うとうと,93540,357,ウツドン,4,548,10,1183,2129,マダツボミ
シアン,うとうと,81971,357,ウツドン,4,548,10,1183,2129,マダツボミ
ワカクサ,うとうと,391870,358,ウツボット,4,1554,13,3354,6038,マダツボミ
ワカクサ,ぐっすり,23385,359,イシツブテ,4,240,8,424,1098,イシツブテ
トープ,ぐっすり,51635,359,イシツブテ,4,240,8,424,1098,イシツブテ
ウノハナ,ぐっすり,78645,359,イシツブテ,4,240,8,424,1098,イシツブテ
ワカクサ,ぐっすり,109130,360,ゴローン,4,548,10,1088,2299,イシツブテ
トープ,ぐっすり,174869,360,ゴローン,4,548,10,1088,2299,イシツブテ
トープ,ぐっすり,600197,361,ゴローニャ,4,2029,13,4379,7882,イシツブテ
ワカクサ,すやすや,79197,362,ヤドン,4,285,8,769,830,ヤドン
シアン,すやすや,122474,362,ヤドン,4,285,8,769,830,ヤドン
ウノハナ,すやすや,266344,362,ヤドン,4,285,8,769,830,ヤドン
ワカクサ,すやすや,187832,363,ヤドラン,4,757,10,1765,2707,ヤドン
シアン,すやすや,168763,363,ヤドラン,4,757,10,1765,2707,ヤドン
ウノハナ,すやすや,266344,363,ヤドラン,4,757,10,1765,2707,ヤドン
ワカクサ,ぐっすり,23385,364,ドードー,4,240,8,388,1163,ドードー
ワカクサ,ぐっすり,156121,365,ドードリオ,4,548,10,970,2512,ドードー
トープ,うとうと,600197,366,ゲンガー,4,2029,13,3284,9853,ゴース
ワカクサ,ぐっすり,23385,367,カラカラ,4,285,8,615,1106,カラカラ
トープ,ぐっすり,51635,367,カラカラ,4,285,8,615,1106,カラカラ
ウノハナ,ぐっすり,78645,367,カラカラ,4,285,8,615,1106,カラカラ
ワカクサ,ぐっすり,93540,368,ガラガラ,4,672,10,1335,2822,カラカラ
トープ,ぐっすり,91221,368,ガラガラ,4,672,10,1335,2822,カラカラ
ウノハナ,ぐっすり,105909,368,ガラガラ,4,672,10,1335,2822,カラカラ
ワカクサ,すやすや,220177,369,ガルーラ,4,1387,11,3742,4041,ガルーラ
シアン,すやすや,256544,369,ガルーラ,4,1387,11,3742,4041,ガルーラ
ワカクサ,うとうと,220177,370,カイロス,4,1265,11,2239,5799,カイロス
シアン,うとうと,195283,370,カイロス,4,1265,11,2239,5799,カイロス
ワカクサ,すやすや,156121,371,メタモン,5,1077,11,2325,4185,メタモン
シアン,すやすや,144654,371,メタモン,5,1077,11,2325,4185,メタモン
トープ,すやすや,174869,371,メタモン,5,1077,11,2325,4185,メタモン
ウノハナ,すやすや,220730,371,メタモン,5,1077,11,2325,4185,メタモン
ワカクサ,すやすや,53006,372,イーブイ,4,355,8,767,1380,イーブイ
シアン,すやすや,36164,372,イーブイ,4,355,8,767,1380,イーブイ
トープ,すやすや,51635,372,イーブイ,4,355,8,767,1380,イーブイ
ウノハナ,すやすや,78645,372,イーブイ,4,355,8,767,1380,イーブイ
シアン,ぐっすり,528891,373,シャワーズ,4,1924,12,5192,5607,イーブイ
ワカクサ,すやすや,532707,374,サンダース,4,1924,12,3406,8822,イーブイ
ワカクサ,うとうと,31492,379,チコリータ,4,355,8,705,1491,チコリータ
シアン,うとうと,36164,379,チコリータ,4,355,8,705,1491,チコリータ
ワカクサ,すやすや,31492,382,ヒノアラシ,4,355,8,629,1629,ヒノアラシ
トープ,すやすや,51635,382,ヒノアラシ,4,355,8,629,1629,ヒノアラシ
ワカクサ,ぐっすり,31492,385,ワニノコ,4,355,8,767,1380,ワニノコ
シアン,ぐっすり,36164,385,ワニノコ,4,355,8,767,1380,ワニノコ
シアン,ぐっすり,122474,386,アリゲイツ,4,757,10,1634,2942,ワニノコ
シアン,ぐっすり,528891,387,オーダイル,4,2029,13,4379,7882,ワニノコ
ワカクサ,ぐっすり,23385,388,ピチュー,4,240,8,388,1163,ピチュー
ワカクサ,ぐっすり,23385,389,ププリン,4,240,8,646,698,ププリン
シアン,ぐっすり,36164,389,ププリン,4,240,8,646,698,ププリン
トープ,ぐっすり,51635,389,ププリン,4,240,8,646,698,ププリン
ワカクサ,ぐっすり,23385,390,トゲピー,4,355,8,705,1491,トゲピー
トープ,ぐっすり,51635,390,トゲピー,4,355,8,705,1491,トゲピー
ウノハナ,ぐっすり,78645,390,トゲピー,4,355,8,705,1491,トゲピー
ワカクサ,すやすや,125032,391,トゲチック,4,583,9,1157,2446,トゲピー
ウノハナ,すやすや,178262,391,トゲチック,4,583,9,1157,2446,トゲピー
ワカクサ,すやすや,23385,392,メリープ,4,240,8,610,763,メリープ
ウノハナ,すやすや,78645,392,メリープ,4,240,8,610,763,メリープ
ワカクサ,すやすや,93540,393,モココ,4,548,10,1277,1958,メリープ
ウノハナ,すやすや,105909,393,モココ,4,548,10,1277,1958,メリープ
ウノハナ,すやすや,634669,394,デンリュウ,4,1554,13,3354,6038,メリープ
ワカクサ,ぐっすり,79197,395,ウソッキー,4,377,9,815,1467,ウソハチ
シアン,ぐっすり,122474,395,ウソッキー,4,377,9,815,1467,ウソハチ
トープ,すやすや,673986,396,エーフィ,4,1924,12,3406,8822,イーブイ
トープ,うとうと,673986,397,ブラッキー,4,1924,12,4486,6878,イーブイ
シアン,すやすや,528891,398,ヤドキング,4,2253,12,5251,8051,ヤドン
ワカクサ,すやすや,79197,399,ソーナンス,4,377,9,1019,1100,ソーナノ
トープ,すやすや,174869,399,ソーナンス,4,377,9,1019,1100,ソーナノ
ウノハナ,すやすや,266344,399,ソーナンス,4,377,9,1019,1100,ソーナノ
ワカクサ,うとうと,220177,400,ヘラクロス,4,1265,11,2731,4915,ヘラクロス
シアン,うとうと,195283,400,ヘラクロス,4,1265,11,2731,4915,ヘラクロス
ワカクサ,うとうと,31492,401,デルビル,4,310,8,615,1300,デルビル
トープ,うとうと,51635,401,デルビル,4,310,8,615,1300,デルビル
ワカクサ,ぐっすり,53006,403,ヨーギラス,4,407,8,879,1582,ヨーギラス
トープ,ぐっすり,51635,403,ヨーギラス,4,407,8,879,1582,ヨーギラス
トープ,ぐっすり,174869,404,サナギラス,4,837,10,1806,3252,ヨーギラス
トープ,うとうと,1169527,405,バンギラス,4,4088,13,8825,15886,ヨーギラス
ワカクサ,すやすや,79197,406,ナマケロ,4,285,8,769,830,ナマケロ
ウノハナ,すやすや,266344,406,ナマケロ,4,285,8,769,830,ナマケロ
ワカクサ,うとうと,109130,407,ヤルキモノ,4,714,10,1664,2551,ナマケロ
ウノハナ,うとうと,266344,407,ヤルキモノ,4,714,10,1664,2551,ナマケロ
ワカクサ,すやすや,742056,408,ケッキング,4,2717,13,7331,7917,ナマケロ
ウノハナ,すやすや,1150172,408,ケッキング,4,2717,13,7331,7917,ナマケロ
トープ,うとうと,206538,409,ヤミラミ,4,1077,11,1906,4938,ヤミラミ
ワカクサ,うとうと,31492,410,ゴクリン,4,261,8,705,761,ゴクリン
シアン,うとうと,36164,410,ゴクリン,4,261,8,705,761,ゴクリン
トープ,うとうと,51635,410,ゴクリン,4,261,8,705,761,ゴクリン
ウノハナ,うとうと,78645,410,ゴクリン,4,261,8,705,761,ゴクリン
ワカクサ,うとうと,93540,411,マルノーム,4,757,10,2043,2207,ゴクリン
トープ,うとうと,174869,411,マルノーム,4,757,10,2043,2207,ゴクリン
ウノハナ,うとうと,266344,411,マルノーム,4,757,10,2043,2207,ゴクリン
ワカクサ,ぐっすり,23385,412,チルット,4,261,8,519,1097,チルット
ウノハナ,ぐっすり,78645,412,チルット,4,261,8,519,1097,チルット
ウノハナ,うとうと,314580,413,チルタリス,4,881,10,1901,3422,チルット
ワカクサ,うとうと,220177,414,アブソル,4,1265,11,2512,5308,アブソル
ウノハナ,うとうと,314580,414,アブソル,4,1265,11,2512,5308,アブソル
ワカクサ,ぐっすり,23385,415,ソーナノ,4,240,8,646,698,ソーナノ
トープ,ぐっすり,51635,415,ソーナノ,4,240,8,646,698,ソーナノ
ウノハナ,ぐっすり,78645,415,ソーナノ,4,240,8,646,698,ソーナノ
ワカクサ,ぐっすり,23385,416,タマザラシ,4,285,8,769,830,タマザラシ
シアン,ぐっすり,36164,416,タマザラシ,4,285,8,769,830,タマザラシ
ウノハナ,ぐっすり,78645,416,タマザラシ,4,285,8,769,830,タマザラシ
ウノハナ,ぐっすり,266344,417,トドグラー,4,757,10,2043,2207,タマザラシ
ウノハナ,ぐっすり,634669,418,トドゼルガ,4,1554,13,3958,4951,タマザラシ
ワカクサ,ぐっすり,23385,419,ウソハチ,4,240,8,517,930,ウソハチ
シアン,ぐっすり,36164,419,ウソハチ,4,240,8,517,930,ウソハチ
ワカクサ,ぐっすり,41314,420,リオル,4,310,8,615,1300,リオル
トープ,ぐっすり,51635,420,リオル,4,310,8,615,1300,リオル
ウノハナ,ぐっすり,78645,420,リオル,4,310,8,615,1300,リオル
ウノハナ,ぐっすり,634669,421,ルカリオ,4,1924,12,3406,8822,リオル
ワカクサ,うとうと,23385,422,グレッグル,4,285,8,615,1106,グレッグル
シアン,うとうと,36164,422,グレッグル,4,285,8,615,1106,グレッグル
トープ,うとうと,51635,422,グレッグル,4,285,8,615,1106,グレッグル
ウノハナ,うとうと,78645,422,グレッグル,4,285,8,615,1106,グレッグル
ワカクサ,うとうと,93540,423,ドクロッグ,4,757,10,1634,2942,グレッグル
シアン,うとうと,81971,423,ドクロッグ,4,757,10,1634,2942,グレッグル
トープ,うとうと,91221,423,ドクロッグ,4,757,10,1634,2942,グレッグル
ウノハナ,うとうと,105909,423,ドクロッグ,4,757,10,1634,2942,グレッグル
ワカクサ,すやすや,601308,424,トゲキッス,4,2372,13,5119,9214,トゲピー
ウノハナ,ぐっすり,914159,426,グレイシア,4,1924,12,3406,8822,イーブイ
ワカクサ,すやすや,428296,427,ニンフィア,4,1924,12,4486,6878,イーブイ
シアン,ぐっすり,0,428,マネネ,1,2,3,7,20,マネネ
シアン,ぐっすり,11090,429,マネネ,2,60,5,77,232,マネネ
シアン,ぐっすり,81971,430,マネネ,3,219,7,320,958,マネネ
シアン,ぐっすり,122474,431,マネネ,4,310,8,502,1505,マネネ
シアン,すやすや,26520,432,バリヤード,1,83,5,95,284,マネネ
シアン,すやすや,81971,433,バリヤード,2,203,7,260,778,マネネ
シアン,すやすや,224455,434,バリヤード,3,583,9,851,2552,マネネ
シアン,すやすや,256544,435,バリヤード,4,757,10,1226,3678,マネネ
ワカクサ,ぐっすり,3118,436,ピィ,1,11,3,25,27,ピィ
シアン,ぐっすり,0,436,ピィ,1,11,3,25,27,ピィ
トープ,ぐっすり,0,436,ピィ,1,11,3,25,27,ピィ
ウノハナ,ぐっすり,0,436,ピィ,1,11,3,25,27,ピィ
ワカクサ,ぐっすり,23385,437,ピィ,2,74,5,158,171,ピィ
シアン,ぐっすり,11090,437,ピィ,2,74,5,158,171,ピィ
トープ,ぐっすり,6885,437,ピィ,2,74,5,158,171,ピィ
ウノハナ,ぐっすり,0,437,ピィ,2,74,5,158,171,ピィ
シアン,ぐっすり,81971,438,ピィ,3,261,7,635,686,ピィ
トープ,ぐっすり,91221,438,ピィ,3,261,7,635,686,ピィ
ウノハナ,ぐっすり,105909,438,ピィ,3,261,7,635,686,ピィ
ワカクサ,ぐっすり,79197,439,ピィ,4,355,8,959,1035,ピィ
シアン,ぐっすり,122474,439,ピィ,4,355,8,959,1035,ピィ
トープ,ぐっすり,174869,439,ピィ,4,355,8,959,1035,ピィ
ウノハナ,ぐっすり,266344,439,ピィ,4,355,8,959,1035,ピィ
ワカクサ,すやすや,11693,440,ピッピ,1,25,4,49,53,ピィ
シアン,すやすや,0,440,ピッピ,1,25,4,49,53,ピィ
トープ,すやすや,0,440,ピッピ,1,25,4,49,53,ピィ
ウノハナ,すやすや,0,440,ピッピ,1,25,4,49,53,ピィ
ワカクサ,すやすや,41314,441,ピッピ,2,103,6,218,236,ピィ
シアン,すやすや,26520,441,ピッピ,2,103,6,218,236,ピィ
トープ,すやすや,25817,441,ピッピ,2,103,6,218,236,ピィ
ウノハナ,すやすや,24118,441,ピッピ,2,103,6,218,236,ピィ
シアン,すやすや,122474,442,ピッピ,3,334,8,811,876,ピィ
トープ,すやすや,144921,442,ピッピ,3,334,8,811,876,ピィ
ウノハナ,すやすや,178262,442,ピッピ,3,334,8,811,876,ピィ
ワカクサ,すやすや,79197,443,ピッピ,4,438,9,1182,1277,ピィ
シアン,すやすや,122474,443,ピッピ,4,438,9,1182,1277,ピィ
トープ,すやすや,174869,443,ピッピ,4,438,9,1182,1277,ピィ
ウノハナ,すやすや,266344,443,ピッピ,4,438,9,1182,1277,ピィ
ワカクサ,すやすや,253169,444,ピクシー,1,377,8,677,847,ピィ
シアン,すやすや,224455,444,ピクシー,1,377,8,677,847,ピィ
トープ,すやすや,278826,444,ピクシー,1,377,8,677,847,ピィ
ウノハナ,すやすや,367010,444,ピクシー,1,377,8,677,847,ピィ
ワカクサ,すやすや,391870,445,ピクシー,2,757,10,1521,1903,ピィ
シアン,すやすや,373381,445,ピクシー,2,757,10,1521,1903,ピィ
トープ,すやすや,472133,445,ピクシー,2,757,10,1521,1903,ピィ
ウノハナ,すやすや,634669,445,ピクシー,2,757,10,1521,1903,ピィ
シアン,すやすや,735875,446,ピクシー,3,1652,12,3793,4744,ピィ
トープ,すやすや,942653,446,ピクシー,3,1652,12,3793,4744,ピィ
ウノハナ,すやすや,1286161,446,ピクシー,3,1652,12,3793,4744,ピィ
ワカクサ,すやすや,428296,447,ピクシー,4,2029,13,5168,6464,ピィ
シアン,すやすや,472043,447,ピクシー,4,2029,13,5168,6464,ピィ
トープ,すやすや,673986,447,ピクシー,4,2029,13,5168,6464,ピィ
ウノハナ,すやすや,1026546,447,ピクシー,4,2029,13,5168,6464,ピィ
ワカクサ,うとうと,23385,448,カゲボウズ,1,2,3,8,17,カゲボウズ
トープ,うとうと,6885,448,カゲボウズ,1,2,3,8,17,カゲボウズ
ワカクサ,うとうと,65634,449,カゲボウズ,2,55,5,86,180,カゲボウズ
トープ,うとうと,51635,449,カゲボウズ,2,55,5,86,180,カゲボウズ
トープ,うとうと,206538,450,カゲボウズ,3,203,7,364,769,カゲボウズ
ワカクサ,うとうと,156121,451,ジュペッタ,1,133,5,186,393,カゲボウズ
トープ,うとうと,174869,451,ジュペッタ,1,133,5,186,393,カゲボウズ
ワカクサ,うとうと,286821,452,ジュペッタ,2,310,7,485,1026,カゲボウズ
トープ,うとうと,320478,452,ジュペッタ,2,310,7,485,1026,カゲボウズ
トープ,うとうと,673986,453,ジュペッタ,3,802,9,1437,3036,カゲボウズ
ワカクサ,うとうと,321146,454,ジュペッタ,4,1008,10,2001,4230,カゲボウズ
トープ,うとうと,366295,454,ジュペッタ,4,1008,10,2001,4230,カゲボウズ
トープ,ぐっすり,69534,455,イワーク,1,219,6,250,749,イワーク
トープ,ぐっすり,174869,456,イワーク,2,475,8,606,1820,イワーク
トープ,ぐっすり,416694,457,イワーク,3,1150,10,1678,5034,イワーク
トープ,ぐっすり,416694,458,ハガネール,1,837,7,1170,2473,イワーク
トープ,ぐっすり,673986,459,ハガネール,2,1463,9,2291,4840,イワーク
トープ,ぐっすり,1300250,460,ハガネール,3,3052,11,5463,11543,イワーク
ワカクサ,うとうと,109130,461,デリバード,1,334,6,466,986,デリバード
ウノハナ,うとうと,138940,461,デリバード,1,334,6,466,986,デリバード
ワカクサ,うとうと,220177,462,デリバード,2,672,8,1053,2226,デリバード
ウノハナ,うとうと,314580,462,デリバード,2,672,8,1053,2226,デリバード
ウノハナ,うとうと,719107,463,デリバード,3,1463,10,2618,5531,デリバード
ワカクサ,うとうと,253169,464,デリバード,4,1807,11,3589,7584,デリバード
ウノハナ,うとうと,367010,464,デリバード,4,1807,11,3589,7584,デリバード
ウノハナ,ぐっすり,0,465,ユキカブリ,1,11,3,20,36,ユキカブリ
ウノハナ,ぐっすり,0,466,ユキカブリ,2,74,5,127,227,ユキカブリ
ウノハナ,ぐっすり,105909,467,ユキカブリ,3,261,7,508,915,ユキカブリ
ウノハナ,ぐっすり,266344,468,ユキカブリ,4,355,8,767,1380,ユキカブリ
ウノハナ,ぐっすり,314580,469,ユキノオー,1,203,5,334,512,ユキカブリ
ウノハナ,ぐっすり,557907,470,ユキノオー,2,438,7,806,1235,ユキカブリ
ウノハナ,ぐっすり,1150172,471,ユキノオー,3,1077,9,2263,3470,ユキカブリ
ワカクサ,すやすや,7171,10001,ピカチュウ(ハロウィン),1,2,4,7,20,ピチュー
ワカクサ,すやすや,31492,10002,ピカチュウ(ハロウィン),2,60,6,77,232,ピチュー
ワカクサ,すやすや,7171,10003,ピカチュウ(ホリデー),1,2,4,7,20,ピチュー
ワカクサ,すやすや,31492,10004,ピカチュウ(ホリデー),2,60,6,77,232,ピチュー